old,new
桟橋通三丁目２８番１９号,桟橋通三丁目２８番２０号
桟橋通三丁目３４番１３－１０５号,桟橋通三丁目３２番２６－１０５号
百石町二丁目１４番５号,百石町二丁目１５番１２号
百石町二丁目２６番３１号,北竹島町１番５号
百石町二丁目３１番２４号,百石町二丁目２７番２１号
百石町三丁目１番１０号,百石町三丁目１番５号
百石町三丁目１０番２０号,百石町二丁目３３番２９号
百石町四丁目１８番１号,百石町四丁目１８番１号
百石町四丁目２１番８号,百石町四丁目２１番８号
百石町四丁目２３番３１号,百石町四丁目２３番２０号
北竹島町１８１番地１,北竹島町５番１９号
北本町一丁目１０番１号,北本町二丁目１０番１号
北本町二丁目７番１２号,北本町二丁目８番２１号
栄田町１番１０－１号,栄田町一丁目５番１２号
栄田町１番１０－１－５０４号,栄田町一丁目５番１２－５０４号
栄田町１番２６号,栄田町一丁目６番３４号
栄田町１０番１１号,栄田町三丁目９番３号
新本町一丁目１番１号,新本町一丁目１番１号
新本町一丁目６番４号,新本町一丁目６番１８号
新本町二丁目１番５号,新本町二丁目１番５号
新本町二丁目４番７号,新本町二丁目６番２７号
比島町一丁目１番２号,比島町一丁目７番２５号
比島町一丁目７番３８号,比島町一丁目９番３０号
比島町一丁目９番３１号,比島町一丁目１２番２８号
南金田３番地,南金田２番２号
南金田３８番地１,南金田３番５７－７号
南金田５５番地４,南金田３番４７－３号
南金田６１番地７,南金田８番７－７０３号
南金田７５番地４,南金田８番２１号
南金田８０番地１１,南金田１７番１９号
北金田２番地８,南金田１番２８号
北金田５５番地,北金田１番１２号
北金田７６番地４,北金田６番６号
北金田８６番地９,北金田１５番２６号
北金田８９番地１７,北金田１２番１７号
杉井流２番地２,杉井流２番３号
杉井流３１番地４,杉井流４番８号
杉井流７０番地３,杉井流２１番１３号
杉井流８８番地９,杉井流２３番２６号
杉井流１０１番地１,杉井流１８番１５号
高埇１番地１,杉井流８番１号
高埇２２番地２,高埇３番８号
高埇７８番地１,杉井流９番２１号
高埇１０９番地４,高埇２０番３３号
北川添１番地１,北川添１番２５号
北川添６番地２,北川添４番８－１００１号
北川添１１番地１,北川添５番２０－４０９号
北川添１１番地１,北川添５番２０－８０４号
北川添３１番地６,北川添１９番１５号
北川添４８番地１９,北川添２２番８号
南川添１番地１,北御座３番３０号
南川添７番地１,南川添４番１５号
南川添４５番地１３,南川添１４番２８号
南川添５２番地１１,南川添１７番１号
北御座１番地１,南御座２０番１８号
北御座３５番地１,北御座１０番２６－７０１号
北御座４７番地１０,北御座１１番３４号
南御座２番地,南御座１番１６号
南御座２６番地１,南御座８番２７号
南御座２９番地１,南御座８番４０－５０４号
南御座４０番地９,南御座９番４８号
南御座６７番地１,南御座４番５号
南御座７１番地１,南御座５番３４－１００２号
札場１番地１,札場１番２８号
札場２５番地４,札場９番２９号
札場４３番地１１,札場１７番１９号
海老ノ丸３番地,海老ノ丸１番１号
南久保１番地１,南久保１番２１号
南久保８２番地,南久保６番３６号
南久保１３２番地,南久保１５番４６号
北久保２番地,北久保１番１号
北久保２９番地５,北久保３番２５－２０５号
北久保２９番地５,北久保３番２５－９０２号
北久保３２番地１,北久保５番１０－５０５号
北久保３９番地,北久保６番１号
薊野１２番地３,一宮南町一丁目１１番１８号
一宮１１番地４,一宮南町一丁目１０番２６号
一宮１６番地,一宮南町一丁目１１番２４－４０２号
一宮１１７番地１,一宮西町一丁目１１番１０－１号
一宮１９４番地,一宮西町一丁目１４番１号
一宮２００番地４８,一宮西町一丁目１６番２号
一宮２３５番地４,一宮西町一丁目４０番２７号
一宮２８０番地６,一宮西町一丁目３５番１６号
一宮３２６番地４,一宮西町一丁目３１番１号
一宮３３０番地,一宮西町一丁目３２番２４－１号
一宮３６９番地６,一宮西町一丁目２６番５号
一宮３９９番地５,一宮西町一丁目７番７号
一宮４４７番地,一宮西町二丁目２番５１号
一宮４８９番地６,一宮西町二丁目１２番３１号
一宮５２０番地１,一宮西町二丁目１３番１７号
一宮５５５番地１,一宮西町二丁目２２番１２－２号
一宮５５５番地２,一宮西町二丁目２３番１０－２４号
一宮９３８番地,一宮西町四丁目１番６号
一宮９５７番地１,一宮西町三丁目８番１５号
一宮９９３番地１,一宮西町三丁目１１番２５号
一宮１０３５番地３,一宮西町三丁目９番５号
一宮１０７０番地,一宮西町三丁目１番３６号
一宮１０９０番地６,一宮中町一丁目６番２３号
一宮１１０１番地１,一宮中町一丁目５番２２号
一宮１１１９番地,一宮中町一丁目３番５５号
一宮１１３６番地６,一宮中町一丁目１０番２１号
一宮１１４５番地３,一宮中町一丁目１１番７号
一宮１１７３番地２２,一宮中町一丁目１３番３０号
一宮１１９０番地１,一宮中町一丁目１６番２号
一宮１２０４番地１１,一宮中町二丁目１３番１３号
一宮１２２２番地１５,一宮中町一丁目１９番２８号
一宮１２４３番地２,一宮中町一丁目２１番４号
一宮１２７２番地９,一宮中町三丁目８番２９号
一宮１２８８番地,一宮中町三丁目７番８号
一宮１３５２番地１,一宮中町二丁目１８番２３号
一宮１３６７番地１,一宮中町二丁目１４番１５号
一宮１３７４番地５,一宮中町二丁目１０番１９号
一宮１３８４番地,一宮中町二丁目９番９号
一宮１４０４番地１,一宮中町二丁目７番１８号
一宮１４２６番地１０,一宮東町一丁目１５番２８号
一宮１４４７番地１６,一宮徳谷１１番１７号
一宮１４７７番地６,一宮東町一丁目２７番１９号
一宮１５１９番地１５,一宮東町一丁目２３番８号
一宮１５３８番地,一宮徳谷１７番１２号
一宮１５９６番地１,一宮東町一丁目２１番１７号
一宮１６３３番地１,一宮中町三丁目１３番６０号
一宮１６５１番地１３,一宮中町三丁目１４番８号
一宮１６９５番地,一宮中町三丁目１９番２０－１号
一宮１７２３番地,一宮中町三丁目２３番３号
一宮１７８４番地,一宮しなね一丁目４番２２号
一宮１８１２番地,一宮中町三丁目１１番３６号
一宮１８４３番地３,一宮西町三丁目２９番４６号
一宮１８６９番地２,一宮西町三丁目１６番３－１号
一宮１９０４番地,一宮西町二丁目１１番２２号
一宮２０００番地,一宮西町四丁目１３番２４号
一宮２０３５番地３,一宮しなね一丁目２２番４９号
一宮２０６０番地１,一宮西町四丁目１９番２０号
一宮２０６５番地３２,一宮西町四丁目２２番３２号
一宮２０８９番地１４,一宮西町四丁目２３番１０号
一宮２１２７番地６,一宮しなね一丁目２０番１号
一宮２１５６番地９,一宮しなね一丁目１７番２２号
一宮２１８８番地１,一宮しなね一丁目７番１号
一宮２２１９番地,一宮しなね二丁目５番１９号
一宮２２４１番地,一宮しなね二丁目８番８号
一宮２４９１番地,一宮しなね二丁目１２番６－２号
一宮２５２０番地１,一宮しなね二丁目１９番３４号
一宮２５４２番地４,一宮東町五丁目６番３７－２０４号
一宮２５４２番地９,一宮東町五丁目６番２７号
一宮２５４８番地５,一宮東町五丁目１０番１－６０５号
一宮２５６３番地８,一宮東町五丁目１１番１４号
一宮２５７３番地１０,一宮東町五丁目２２番３３号
一宮２５７７番地８０,一宮東町五丁目２１番８号
一宮２６１６番地５,一宮東町五丁目２７番１１号
一宮２７５８番地７,一宮東町五丁目３３番７号
一宮２７７０番地９,一宮東町五丁目２７番１６号
一宮２７８７番地１３,一宮東町五丁目３０番１５号
一宮２８３９番地１４,一宮東町五丁目１７番１４号
一宮２８５４番地１５,一宮東町五丁目８番３３号
一宮２８６４番地２５,一宮東町四丁目６番４号
一宮２８７０番地１８,一宮東町四丁目８番１０号
一宮２８８６番地５,一宮東町四丁目１１番１６号
一宮２９０３番地４,一宮東町四丁目２０番１号
一宮２９０９番地９,一宮東町四丁目１９番１号
一宮２９１５番地５２,一宮東町四丁目２３番３０号
一宮２９２７番地３２,一宮東町四丁目１４番８号
一宮２９２９番地１０,一宮東町三丁目１１番１３号
一宮２９５６番地８,一宮東町三丁目１０番２０号
一宮２９６７番地２１,一宮東町三丁目１番４号
一宮２９８４番地１,一宮東町五丁目１番２号
一宮２９９５番地１７,一宮東町三丁目１番２６号
一宮３０２７番地１０,一宮東町二丁目２５番２号
一宮３０２７番地５８,一宮東町二丁目１９番２０号
一宮３０２９番地５,一宮東町二丁目１６番５号
一宮３０４９番地８,一宮東町二丁目１番２７号
一宮３２５６番地６,一宮徳谷２０番３０号
一宮３３２７番地,一宮徳谷１０番１号
一宮３３５４番地３１,一宮東町一丁目８番１８号
一宮３６２１番地３,一宮南町二丁目１０番３１号
一宮３７０６番地１８,一宮東町一丁目１番７号
一宮３７４３番地１８,一宮中町二丁目６番１６号
一宮３７５２番地,一宮中町二丁目２番１号
一宮３８５８番地７,一宮南町一丁目７番１－１０１号
一宮３８５８番地７,一宮南町一丁目７番２－１０１号
一宮３８５８番地７,一宮南町一丁目７番４－１０６号
一宮３８６５番地,一宮南町一丁目１４番５号
一宮３９６４番地１,一宮南町一丁目１番５－２０７号
一宮３９６４番地１,一宮南町一丁目１番５－７０６号
一宮３９６４番地１,一宮南町一丁目１番５－１２０６号
一宮３９６４番地１,一宮南町一丁目１番６－４０１号
一宮３９６４番地１,一宮南町一丁目１番６－７１０号
一宮３９６４番地１,一宮南町一丁目１番６－１１０９号
一宮４１６９番地４,一宮西町一丁目１８番４号
一宮４４５１番地２７,一宮西町四丁目２２番１３号
一宮４６８７番地１,一宮しなね二丁目２７番３８号
一宮４７８９番地６４,一宮東町四丁目２２番１５号
一宮４７９７番地５０,一宮東町三丁目１６番２３号
一宮４７９７番地９７,一宮東町四丁目１５番１２号
一宮４７９７番地２０８,一宮東町四丁目２１番３０号
一宮４７９８番地８６,一宮東町四丁目１３番３９号
一宮４８０２番地３５,一宮東町三丁目６番３号
一宮４８０２番地８０,一宮東町三丁目８番５号
一宮４８０４番地７,一宮東町二丁目３１番６号
一宮４８０４番地４９,一宮東町二丁目２７番１２号
一宮４８０４番地１０４,一宮東町二丁目２４番７号
一宮４８０８番地２９,一宮東町二丁目１８番２３号
一宮４８０８番地７６,一宮東町二丁目１１番２号
一宮４８７２番地,一宮徳谷２０番６２号
高須３２番地,高須新木３番３０号
高須４４９番地１,高須本町１２番１５号
高須４７３番地,高須本町４番１９号
高須５０２番地２７,高須本町１０番１１号
高須５０４番地５６,高須本町７番２６号
高須５２３番地１,高須新木１番２６－４号
高須５６２番地２,高須新木３番３９号
高須６０６番地,高須新木５番２９号
高須６５５番地１,高須三丁目１６番５号
高須６６２番地１３,高須三丁目１６番１４号
高須６７０番地６,高須三丁目１８番１１号
高須６８５番地１５,高須三丁目３２番２－１号
高須６９２番地１０,高須三丁目２４番１７号
高須６９９番地１１,高須三丁目２６番１０号
高須７１２番地４,高須東町３番２５号
高須７１８番地８,高須三丁目２９番２－６号
高須７３１番地１１,高須東町６番２５－３０１号
高須７４３番地１１,高須東町１５番１９号
高須７４４番地２６,高須東町１８番３７号
高須７４６番地１９,高須東町１３番２０号
高須７４９番地２８,高須東町２２番１１号
高須７５３番地９２,高須東町２２番４０号
高須７５５番地１７,高須東町１１番２１号
高須７５７番地２３,高須東町２４番５号
高須９３４番地,高須一丁目１３番３６号
高須９４６番地１,高須一丁目１５番５２号
高須９５４番地,高須一丁目１５番２６号
高須９６９番地５１,高須一丁目１１番８－４号
高須９７４番地１,高須一丁目８番１５－３０７号
高須９７４番地１,高須一丁目８番１５－９０４号
高須９８７番地１５,高須一丁目６番６号
高須９８９番地４９,高須一丁目５番５０号
高須１１９９番地２,高須大島６番２号
高須１２５２番地２０,高須絶海７番３１号
高須１３４５番地２１,高須西町２番４号
高須１３４５番地７２,高須西町１番５号
高須１３４５番地１３９,高須西町７番２９号
高須１３４６番地５２,高須絶海５番２０号
高須１３４６番地１３６,高須大島６番１２号
高須１６７８番地１,高須三丁目１４番３１－３０４号
高須１６７８番地１,高須三丁目１４番３１－７０７号
高須１６７８番地７,高須三丁目１４番３０－３０３号
高須１６７８番地７,高須三丁目１４番３０－９０６号
高須１６９２番地２３,高須三丁目１５番１３－２０号
高須１７０１番地８,高須三丁目１２番３５号
高須１７０６番地１,高須三丁目１０番１５号
高須１７０９番地２３,高須三丁目９番１４号
高須１７１２番地２１,高須三丁目８番１３号
高須１７１６番地６１,高須三丁目７番２５号
高須１７２４番地１,高須三丁目４番１９号
高須１７３５番地１２,高須三丁目２番４３－９号
高須１７４４番地６,高須三丁目１番４８号
高須１８０５番地１,高須二丁目１５番３６号
高須１８１２番地１,高須二丁目１７番１５号
高須１８２３番地１,高須二丁目１９番１２－２０２号
高須１８２３番地１,高須二丁目１９番１４－１０３号
高須１８２３番地４,高須二丁目１９番１８－１号
高須１８４１番地３,高須二丁目７番２１－２０４号
高須１８４９番地１６,高須二丁目８番３０号
高須１８５９番地,高須二丁目１０番２４号
高須１８６３番地１６,高須二丁目５番１７－６号
高須１８７４番地１４,高須二丁目１２番３１号
高須１８８３番地１１,高須二丁目１３番４７－１２号
高須１９０９番地５,高須二丁目３番５号
薊野１番地１,薊野東町８番３５号
薊野３４番地５,薊野東町１番９－１０号
薊野７１番地１８,薊野東町３番５３号
薊野１１８番地４,薊野北町四丁目１番１１号
薊野１４６番地１,薊野北町四丁目６番２８－１号
薊野１５９番地１,薊野北町四丁目１４番１５－１１号
薊野１６９番地１３,薊野北町四丁目５番１５号
薊野１８８番地１１,薊野北町四丁目１０番１１－４号
薊野２３９番地１２,薊野北町四丁目２４番９号
薊野２５６番地,薊野北町四丁目２１番３号
薊野２６９番地１,薊野北町四丁目１６番２３－２号
薊野７８２番地２,薊野北町三丁目１３番５号
薊野７９７番地７,薊野北町三丁目１６番３０－５号
薊野８０６番地６,薊野北町三丁目１６番７号
薊野８１９番地５２,薊野北町二丁目３０番６号
薊野８４９番地１,薊野北町二丁目２１番３－８号
薊野８７３番地,薊野北町二丁目１７番１４号
薊野９０４番地,薊野北町二丁目２３番６号
薊野９５２番地４,薊野中町２０番４－２号
薊野９８２番地５,薊野中町１８番５号
薊野１０１１番地,薊野中町２３番３号
薊野１０４１番地１６,薊野中町３３番２２－１３号
薊野１０５８番地,薊野中町３３番１２号
薊野１０７８番地１３,薊野中町３０番６号
薊野１０９２番地４,薊野南町１８番１４号
薊野１１０１番地２,薊野中町３番１５号
薊野１１０５番地,薊野南町１６番３８号
薊野１１１６番地１,薊野中町１０番１８号
薊野１１２８番地１,薊野中町１１番２６号
薊野１１６１番地１,薊野北町二丁目１３番１１号
薊野１１９３番地１,薊野北町二丁目１１番１７－３０１号
薊野１２１３番地,薊野北町二丁目１番３０－４号
薊野１２２１番地１６,薊野北町二丁目３番５号
薊野１２３１番地９,薊野北町二丁目７番１０号
薊野１２４６番地,薊野北町三丁目１１番１０号
薊野１２６０番地１８,薊野北町三丁目３番５号
薊野１３０２番地１１,薊野北町一丁目６番６－５号
薊野１３１７番地１,薊野北町一丁目７番２号
薊野１３６１番地７,薊野西町三丁目３３番１６号
薊野１３７８番地１,薊野中町１番３５号
薊野１３９７番地,薊野南町６番１７－８号
薊野１４０４番地４４,薊野南町５番３号
薊野１４１６番地１５,薊野西町三丁目３６番２０号
薊野１４２６番地,薊野西町三丁目２７番１号
薊野１４３２番地６,薊野西町三丁目２１番１７－７号
薊野１４３４番地３４,薊野西町三丁目２２番７号
薊野１４４４番地６,薊野西町三丁目１３番６－２号
薊野１４４４番地５６,薊野西町三丁目１３番５号
薊野１４６６番地３２,薊野西町二丁目１８番３号
薊野１４７６番地７,薊野西町二丁目１５番２０号
薊野１４８０番地２２,薊野西町二丁目１２番１６号
薊野１４８４番地２６,薊野西町二丁目１１番１０号
薊野１４９０番地７,薊野西町二丁目１０番８号
薊野１５１７番地１５,薊野西町二丁目２４番２１－１号
薊野１５４４番地,薊野西町二丁目５番２－２号
薊野１５５０番地,薊野西町二丁目３番５０号
薊野１５５４番地８,薊野西町二丁目３番４６号
薊野１５５９番地１０,薊野西町三丁目２番５２号
薊野１５６７番地１１,薊野西町三丁目６番１８号
薊野１５６９番地１５,薊野西町三丁目１０番２７号
薊野１５７４番地１３,薊野西町三丁目１２番５号
薊野１５８４番地３０,薊野西町一丁目１６番１４号
薊野１５８４番地７３,薊野西町一丁目１６番５号
薊野１５８４番地１１２,薊野西町一丁目１１番９号
薊野１５９１番地１１,薊野西町一丁目２１番５号
薊野１５９４番地１５,薊野西町一丁目２３番１７号
薊野１５９９番地２,薊野西町一丁目２９番１４号
薊野１６０１番地４９,薊野西町一丁目２８番５号
薊野１６０５番地２,薊野西町一丁目２４番３６－２号
薊野１６２２番地７３,薊野東町８番４４号
薊野１８２８番地２,薊野北町二丁目２４番２８号
薊野２０３３番地１,薊野西町一丁目３番１２号
薊野２０８６番地,薊野西町一丁目７番２号
一宮１番地３,薊野南町２２番７号
一宮１４６番地２,薊野東町１０番７号
一宮３９２１番地１,薊野南町２８番４５号
一宮３９４８番地３５,薊野南町１９番１３号
一宮３９５３番地３８,薊野南町１３番１５号
東秦泉寺９８番地３,薊野西町一丁目３４番１０号
東秦泉寺８３５番地３２,薊野北町三丁目１番４号
長浜９６６番地５,横浜南町２１番５号
横浜９３２番地７,横浜南町７番１１号
横浜１６１０番地１４,横浜南町３番１０号
瀬戸西町二丁目２９４番地,横浜南町６番３号
瀬戸西町三丁目１６０番地４,横浜南町９番２号
朝倉甲１４１７番地１,朝倉西町一丁目１番１号
朝倉丁７１４番地,朝倉西町一丁目５番４８号
朝倉丁８６８番地２４,朝倉西町二丁目６番４号
朝倉丁８９６番地６,朝倉西町二丁目１０番２８－３号
朝倉丁９５８番地５６,朝倉西町二丁目１７番２７号
朝倉丁１０９２番地２,針木北一丁目１１番１０－６号
朝倉丁１２５１番地,針木北二丁目４番２０号
朝倉丁１５３５番地１５,針木本町３８番５－４号
朝倉丁１５５８番地４,針木本町３９番３９号
朝倉丁１５８３番地９,針木本町３４番２３号
朝倉丁１５９７番地１２,針木本町２７番１６号
朝倉丁１６０６番地１１,針木本町３０番３２号
朝倉丁１６１７番地３４,針木本町２１番１３号
朝倉丁１６３４番地７,針木本町１５番４１－６号
朝倉丁１６５２番地４０,針木本町１３番８号
朝倉丁１６７０番地３２,針木本町１９番６号
朝倉丁１８８６番地３０１,朝倉西町二丁目１１番１０－３号
朝倉丁１８９０番地１４８,針木北一丁目８番１９号
朝倉丁１８９９番地４９,針木北一丁目９番１９－８号
朝倉戊１番地１,針木本町９番８号
朝倉戊３８番地１９,針木本町１番２５号
朝倉戊５６番地１,朝倉西町二丁目１６番１２－３１３号
朝倉戊５６番地１,朝倉西町二丁目１６番１２－６１３号
朝倉戊５６番地１,朝倉西町二丁目１６番１２－１１０６号
朝倉戊９６番地,朝倉西町二丁目４番１９号
朝倉戊１１４番地２,朝倉西町二丁目１番２５号
朝倉戊１３１番地１５,朝倉西町一丁目１６番３－２号
朝倉戊１５６番地１４,朝倉西町一丁目５番２８号
朝倉戊１６５番地９,朝倉西町一丁目１３番２号
朝倉戊２６９番地８,朝倉西町一丁目４番３１号
朝倉戊１００３番地,針木南８番１号
朝倉戊１２９２番地,針木南７番１１号
朝倉戊１４８０番地１３１,針木南１４番２７号
朝倉甲３２番地,朝倉東町３０番１号
朝倉甲３２番地,朝倉東町３０番２－５９号
朝倉甲３２番地,朝倉東町３０番４－９８号
朝倉甲３７０番地１０,朝倉東町４７番２５号
朝倉甲３８６番地６,朝倉東町４３番５号
朝倉甲６７８番地２,朝倉東町２３番１４号
朝倉甲６８５番地１,朝倉東町２３番５号
朝倉甲７０５番地,朝倉東町３２番２２号
朝倉甲７４７番地１,鴨部三丁目３３番２２号
朝倉甲８０６番地,鴨部三丁目１３番１５号
朝倉甲８２６番地６,鴨部三丁目１２番２６－１号
朝倉甲８３９番地９,朝倉東町５番１１号
朝倉甲８６４番地１,朝倉東町２番１０－２号
朝倉甲９０８番地４,朝倉東町２２番２号
朝倉甲９４４番地,朝倉東町１２番５号
朝倉甲９８１番地１１,朝倉東町２３番４８号
朝倉乙２９９番地,鴨部上町１５番８号
鴨部１３９番地,鴨部上町２番１３号
鴨部１７９番地１,鴨部一丁目２０番３－５号
鴨部２２５番地９,鴨部上町４番１８－３号
鴨部２６７番地１,鴨部上町４番１２号
鴨部３２５番地,鴨部上町８番４１号
鴨部３６８番地,鴨部上町１０番３号
鴨部４１７番地,鴨部上町１５番１６号
鴨部４３４番地３,鴨部三丁目１４番１２号
鴨部４５６番地２,鴨部三丁目１５番１８－１２号
鴨部５１３番地５,鴨部三丁目６番２４号
鴨部５３７番地８,鴨部三丁目２番２－２号
鴨部５６４番地１,鴨部三丁目１番４７－３０７号
鴨部５７４番地１４,鴨部三丁目１番５－１号
鴨部６１２番地２４,鴨部一丁目１５番３号
鴨部６１８番地,鴨部一丁目１３番１－２６号
鴨部６１８番地,鴨部一丁目１３番２－６６号
鴨部６１８番地,鴨部一丁目１３番２－１０６号
鴨部６３３番地１,鴨部一丁目１２番２６号
鴨部６５４番地２５,鴨部二丁目４番２８－１号
鴨部７０６番地４,鴨部二丁目７番４５号
鴨部７１８番地,鴨部二丁目１０番２－２０４号
鴨部７１８番地,鴨部二丁目１０番５－３０２号
鴨部７１８番地,鴨部二丁目１０番９号
鴨部７１８番地,鴨部二丁目１０番１２－１０１号
鴨部７２８番地５,鴨部二丁目１６番１５号
鴨部７４２番地１４,鴨部二丁目１５番６号
鴨部７７６番地６,鴨部三丁目２７番８号
鴨部８１７番地,鴨部三丁目３４番３０号
鴨部９４３番地８,鴨部二丁目２２番１７－２号
鴨部１３７９番地１,鴨部一丁目３番１－１３号
鴨部１３７９番地１,鴨部一丁目３番２－５１号
鴨部１３９５番地１,鴨部一丁目５番１－１４号
鴨部１３９５番地１,鴨部一丁目５番２－１４号
鴨部１３９５番地１,鴨部一丁目５番４－１号
鴨部１４１９番地３,鴨部一丁目７番１０号
鴨部１４９７番地,鴨部二丁目２番４１号
鴨部１５１０番地１,鴨部一丁目１２番１２号
鴨部１５１３番地１,鴨部一丁目１１番２－２３０７号
鴨部１５１３番地１,鴨部一丁目１１番２－２５１６号
鴨部１５１３番地１,鴨部一丁目１１番２－２８０６号
鴨部１５２０番地１,鴨部一丁目１１番１－２１５号
鴨部１５２０番地１,鴨部一丁目１１番１－４１８号
鴨部１５２０番地１,鴨部一丁目１１番１－６２２号
鴨部１５２０番地１,鴨部一丁目１１番１－９０３号
鴨部１５２０番地１,鴨部一丁目１１番１－１１０８号
長浜８６６番地１１,瀬戸南町二丁目２０番８号
長浜６２８３番地１０３,瀬戸南町二丁目２０番２号
長浜６２８３番地３８１,瀬戸南町二丁目２２番１６号
仁井田２２３８番地１,十津六丁目２番７号
仁井田２３３３番地３,十津三丁目４番２１号
仁井田２３４４番地２５,十津三丁目５番１６号
仁井田２３７１番地７,十津三丁目７番３４－７号
仁井田２３８４番地４,十津四丁目６番１５号
仁井田２４００番地,十津二丁目１３番１９号
仁井田２４１３番地１,十津二丁目１番３９号
仁井田２４４８番地,十津一丁目１番４５号
仁井田２４６９番地１４,十津一丁目７番２２号
仁井田２４８２番地８,十津一丁目３番５１－９号
仁井田２５０１番地,十津一丁目５番２２－２号
仁井田２５１２番地２６,十津一丁目１１番１６号
仁井田２５３０番地２７,十津四丁目２０番１０号
仁井田２５５２番地１０,十津四丁目１４番３号
仁井田２５５８番地３,十津四丁目１６番５号
仁井田２５７９番地２９,十津四丁目３番１３号
仁井田２５８１番地３３,十津四丁目３番２号
仁井田２６１１番地９,十津五丁目２５番７号
仁井田２６３１番地１３,十津五丁目１５番１４号
仁井田３５４８番地２４,十津三丁目１０番２３号
仁井田３５４８番地６９,十津三丁目７番６２号
仁井田３５４８番地１１６,十津三丁目９番１８号
仁井田３５４８番地１６７,十津三丁目１４番１５号
仁井田３５４８番地２１５,十津三丁目２１番１０号
仁井田３５４９番地２９,十津二丁目７番１５号
仁井田３５４９番地１３４,十津三丁目１番１２号
仁井田３５４９番地１８２,十津二丁目９番６号
仁井田３５５９番地１,十津四丁目９番２８号
仁井田３５９８番地２０,十津五丁目２０番２９号
仁井田３６００番地５９,十津五丁目１２番３８号
仁井田３６３２番地１５,十津一丁目１２番５号
仁井田４３８７番地１１,十津四丁目２５番３号
仁井田４４７７番地３,十津四丁目９番１７号
長浜４０５番地５,瀬戸二丁目１０番８号
長浜８７３番地１８,瀬戸南町二丁目１１番１５号
長浜８８７番地５７,瀬戸南町一丁目８番１２号
長浜１３８６番地１,瀬戸南町一丁目１４番３号
長浜１５３５番地６,瀬戸南町二丁目９番３１号
長浜６０９１番地１３,横浜西町３６番２０－８号
長浜６２８８番地９,瀬戸南町二丁目７番１号
長浜６２９６番地６,瀬戸南町一丁目７番２３号
長浜６２９６番地１１６,瀬戸南町一丁目４番７号
長浜６３０３番地６,瀬戸南町一丁目１９番１３－２号
長浜６３９０番地７８,瀬戸南町一丁目１７番６号
長浜６３９４番地６０,瀬戸南町一丁目１２番３１号
長浜６３９４番地１０９,瀬戸南町一丁目１２番３８号
横浜１１２番地,横浜西町４３番１８号
横浜３４２番地,横浜東町２番１７号
横浜４９５番地,横浜東町７番９号
横浜５０１番地２８,横浜東町９番３８号
横浜５１７番地１２,横浜東町８番１３号
横浜５５６番地６,横浜西町４番１１号
横浜５６１番地２５,横浜西町８番２号
横浜８０７番地２１,横浜西町１９番８号
横浜８３８番地１１,横浜西町４６番５号
横浜８３９番地９９,横浜西町４７番１０号
横浜８６８番地２９,横浜西町５１番１５号
横浜１００５番地４,横浜西町３５番４３号
横浜１０２３番地３４,横浜西町３６番２０－５号
横浜１５４２番地８４,横浜西町１７番１２号
横浜１５５５番地７,横浜西町４６番４６号
横浜１５９７番地２５,横浜西町４４番５号
横浜１６３４番地６３,横浜西町２１番９号
横浜１６３７番地４７,横浜西町２２番７号
横浜１６４９番地１４,横浜西町２９番２０号
瀬戸１番地３,瀬戸二丁目１５番３号
瀬戸１７番地１３,瀬戸二丁目１２番２２号
瀬戸４１番地１０,瀬戸南町二丁目１４番１５号
瀬戸９８番地１０,瀬戸二丁目６番３２号
瀬戸１０８番地３０,瀬戸二丁目８番２２号
瀬戸１３８番地１３,瀬戸二丁目２番２２号
瀬戸１５２番地２３,瀬戸二丁目１番２２－５号
瀬戸１８０番地１０,瀬戸南町一丁目１番１４号
瀬戸２３８番地,瀬戸一丁目４番２１号
瀬戸４０６番地８,瀬戸二丁目２番１１号
朝倉甲３４５番地１,朝倉南町９番１２号
朝倉甲４２６番地１１,朝倉南町４番１０号
朝倉甲４３４番地３,朝倉南町３番２１号
朝倉甲４６７番地１５,朝倉南町７番３号
朝倉甲６２８番地２,朝倉横町２５番３号
朝倉甲６５１番地２５,朝倉横町２１番３０号
朝倉甲６６３番地１２,朝倉横町２０番４１－４号
朝倉甲６７５番地１１,朝倉横町１９番７号
朝倉甲１０２１番地１３,朝倉横町６番９号
朝倉甲１０７６番地,朝倉横町７番３８号
朝倉甲１１１５番地９,朝倉横町１７番２３号
朝倉甲１１６３番地３,朝倉横町１３番１２号
朝倉甲１２２７番地,朝倉横町１０番１０－３号
朝倉甲１２７８番地４,朝倉横町１０番２４号
朝倉甲１３６０番地１,朝倉横町１２番２７号
朝倉戊７８番地７,大谷公園町２番３３号
朝倉戊９１１番地４６,大谷公園町２番３１号
朝倉戊９４７番地２１,大谷公園町１３番１２号
朝倉戊９９２番地５８,大谷公園町１番１７号
朝倉戊１２３８番地３,大谷公園町１７番１３号
朝倉己１３７番地１,大谷公園町１５番９号
朝倉戊６３１番地,槙山町３番１９号
朝倉戊６７３番地２６,槙山町６番１０号
朝倉戊７９０番地７,槙山町１３番１０号
朝倉戊１０９０番地１,針木東町７番３－４０６号
朝倉戊１０９４番地４２,針木東町１３番１８号
朝倉戊１１４６番地,針木東町２６番６６号
朝倉戊１１７８番地１７,針木東町２０番１２号
朝倉戊１１８７番地６,針木東町８番４号
朝倉戊１１９５番地８,針木東町１６番２３号
朝倉戊１２５１番地７,針木東町１６番１６号
朝倉己１１４９番地１４７,針木東町２５番２号
朝倉甲６１８番地３,若草南町１７番７号
朝倉戊１７３番地,鵜来巣１２番１号
朝倉戊１９６番地２６,鵜来巣８番１３号
朝倉戊２１８番地２２,鵜来巣８番３２号
朝倉戊４６７番地１５,若草南町５番１９号
朝倉戊５０４番地,若草南町７番２－１号
朝倉戊５０４番地,若草南町９番４－２号
朝倉戊５１１番地１３,若草南町５番１３号
朝倉戊５２１番地,若草南町１５番２－４号
朝倉戊５２１番地,若草南町２０番３－４号
朝倉戊１５１４番地１,鵜来巣４番１０号
高須３８０番地２,島一丁目３番１２号
高須３８７番地,島一丁目６番３０－４号
高須３８８番地３１,島一丁目９番５２号
高須１３５０番地６,島三丁目１３番３７号
高須１３７３番地１,高須新町三丁目５番１３号
高須１３７９番地１０,高須新町四丁目８番２４－１号
高須１３８１番地,高須新町二丁目６番１４号
高須１３８４番地３,高須新町二丁目１番５４号
高須１３８６番地８,高須新町二丁目４番５号
高須１３９３番地１０,高須新町二丁目３番５号
高須１３９３番地６４,高須新町二丁目１１番６号
高須１３９５番地４,高須新町一丁目５番２４号
高須１４１４番地,高須新町一丁目８番９号
高須１４２０番地１,島二丁目７番８号
高須１４４１番地１０,島二丁目５番３５号
高須１４６０番地,島一丁目１番６号
高須１５０４番地２,島三丁目６番１６号
高須１５６３番地２,島三丁目５番２号
高須１６１０番地４,島三丁目９番１２号
鴨部１番地１,鴨部高町５番３１号
鴨部２４番地９,町一丁目２８番６号
鴨部６４番地７,鴨部高町１３番３号
鴨部８２番地,鴨部高町６番３号
鴨部８９番地９,鴨部高町５番２号
鴨部１３１番地,鴨部高町２番６号
鴨部４１２番地,鴨部高町１６番２４－８号
朝倉甲１０８５番地２,朝倉本町一丁目８番６号
朝倉甲１３４８番地,若草町２番３７－１０号
朝倉甲１３６５番地,若草町３番３－７号
朝倉甲１３６８番地,若草町１番２６－５号
朝倉甲１３８４番地,若草町４番１－２号
朝倉甲１３８４番地,若草町５番５－１号
朝倉甲１３９９番地２,若草町９番１９号
朝倉甲１４５０番地２,若草町１１番２６号
朝倉甲１４５１番地２,若草町１２番９－１号
朝倉甲１４５１番地２,若草町１３番９－６号
朝倉甲１５２４番地,朝倉本町二丁目１４番１５号
朝倉甲１５４７番地８,若草町１５番２９－５号
朝倉甲１５５４番地５,若草町１６番３７号
朝倉甲１５８５番地,朝倉本町二丁目６番１６号
朝倉乙１番地２,朝倉本町一丁目１１番３２号
朝倉乙５２番地２,朝倉本町一丁目１２番２８－６号
朝倉乙１４６番地９,朝倉本町一丁目９番１４号
朝倉乙１８０番地１,朝倉本町一丁目３番２－４号
朝倉乙２１０番地４,朝倉本町一丁目４番３－９号
朝倉乙２８６番地,町一丁目３８番２号
朝倉乙２９３番地３４,町一丁目３４番１４号
朝倉乙３０２番地１３,鴨部高町１７番３号
朝倉乙３２５番地,町一丁目２８番３２号
朝倉乙３５６番地,町一丁目５番２８号
朝倉乙３６１番地,町一丁目２６番１４号
朝倉乙３７６番地,町一丁目２９番７号
朝倉乙３７８番地,町一丁目２４番４－３号
朝倉乙３８１番地,町一丁目２１番４－４号
朝倉乙４０８番地,町一丁目１５番６号
朝倉乙４２３番地１２,町一丁目１６番３０号
朝倉乙４３８番地４,町一丁目１７番２４号
朝倉乙４４６番地１０,町一丁目１８番３７号
朝倉乙４５９番地,町一丁目５番４３号
朝倉乙４７２番地１,町一丁目６番２号
朝倉乙４８２番地１,町一丁目９番３４号
朝倉乙４９６番地,町二丁目１番５号
朝倉乙５０４番地,町一丁目１２番１３号
朝倉乙５６４番地５,朝倉本町一丁目１４番２４号
朝倉乙６３８番地,朝倉本町二丁目２番１６号
朝倉乙７１３番地１１,朝倉本町二丁目８番１９号
朝倉乙８７０番地,町二丁目５番２号
朝倉丙１１６番地１,町二丁目３番２１号
朝倉丙３５３番地,町一丁目７番７号
朝倉丁３９番地６,町二丁目６番６号
